{
    "rmse": 70.10992481232378,
    "mae": 55.404413090843796,
    "r2": 0.8646720399807774
}